month,year,know_auto_pct,phys_auto_pct,unemployment_rate,total_pop_m,employed_m,unemployed_m,total_income_bn,total_consumption_bn,total_human_svc_bn,total_auto_goods_bn,total_wealth_bn,total_debt_bn,aggregate_mpc,human_svc_share,gini,enterprise_revenue_bn,yeomen_share,platform_share,yeomen_alive_pct,firms_alive,firms_dead,mpc_transitional,mpc_knowledge_high_exposure,mpc_creative_craft,mpc_physical_high_exposure,mpc_knowledge_low_exposure,mpc_small_business_owner,mpc_non_labour,mpc_skilled_physical,mpc_care_low_exposure
0,2026.0,4.1274371677764705,0.7296955775676787,0.19213682807641125,117.05200000000039,94.56200000000022,22.490000000000165,5.823483581695813,5.140116688974268,0.8883593195370351,4.251757369437245,32.033530982881324,3.8634106131057675,0.882653246440072,0.17282862886023526,0.4173711953442364,34531.8016400862,0.0021538118562888005,0.0777208814166151,100.0,2162555.0,0.0,0.8823786565274127,0.8178137711502628,0.8526301669122218,0.8751362129999926,0.804037502257901,0.7910038332135925,0.9926701122379409,0.8126837841172677,0.8429610924289243
1,2026.0833333333333,4.550668429627892,0.7994039205838297,0.19213682807641125,117.05200000000039,94.56200000000022,22.490000000000165,5.823483581695813,5.141007503246703,0.8884585259837401,4.252548977262943,32.004068423331596,3.796234657869444,0.8828062157512993,0.1728179788538825,0.4173711953442364,34531.8016400862,0.0021538118562888005,0.0777208814166151,100.0,2162555.0,0.0,0.8829446704943121,0.8181919908597297,0.8530646914859723,0.8753223046573647,0.8044683848439279,0.7909958283319136,0.9924764675589275,0.813202130871424,0.842729638252483
2,2026.1666666666667,4.987382852534705,0.8706084491343845,0.19213682807641125,117.05200000000039,94.56200000000022,22.490000000000165,5.823483581695813,5.141880417783524,0.8885477432097316,4.253332674573787,31.976178830605576,3.730377002386264,0.8829561113463628,0.17280599139113234,0.4173711953442364,34531.8016400862,0.0021538118562888005,0.0777208814166151,100.0,2162555.0,0.0,0.883156181724357,0.818564494481399,0.8534965570203661,0.8753780211810863,0.8048976035115829,0.7907702930700304,0.9922875436247638,0.8137170022989532,0.843170885652922
3,2026.25,5.437837772188538,0.9433378416176015,0.19231452687694442,117.05200000000039,94.54120000000022,22.510800000000174,5.820635462237891,5.140758252856405,0.888205052295476,4.252553200560935,31.949823353628748,3.6658763043500517,0.883195363497289,0.17277705128459497,0.41708634389463695,34531.8016400862,0.0021538118562888005,0.0777208814166151,100.0,2162555.0,0.0,0.8833630443390933,0.8189225836692982,0.853917362613098,0.8756432485751268,0.8052703406514952,0.7909674942222091,0.9920946899220409,0.8142585074709644,0.8439047631551919
4,2026.3333333333333,5.902282369572123,1.0176211698845503,0.19231452687694442,117.05200000000039,94.54120000000022,22.510800000000174,5.820635462237891,5.141788147567744,0.8883083981425518,4.253479749425186,31.925009780390514,3.602688965543919,0.8833723020322687,0.1727625434281563,0.41708634389463695,34531.8016400862,0.0021538118562888005,0.0777208814166151,100.0,2162555.0,0.0,0.8835641474151051,0.819283324728889,0.8539090649784423,0.8758144415408199,0.8056960595950696,0.7911757915294696,0.9919149380939873,0.8147661488285379,0.8443419124216802
5,2026.4166666666667,6.380956504907316,1.0934878972198703,0.19258107507774405,117.05200000000039,94.51000000000022,22.542000000000172,5.820947462237891,5.1427892454710955,0.8883257868005333,4.2544634586705525,31.901659437965396,3.5407142996200216,0.8834969356507343,0.1727322945584094,0.4169885620224947,34531.8016400862,0.0021538118562888005,0.0777208814166151,100.0,2162555.0,0.0,0.8854317188403156,0.8198027139734266,0.85432273231926,0.8760960976149015,0.8061071164516659,0.7913748451063662,0.9910356996830414,0.8153977645317996,0.8447641716132926
6,2026.5,6.874089503995469,1.1709678758781075,0.19265215459795726,117.05200000000039,94.50168000000022,22.55032000000017,5.8205774370259,5.143179815510567,0.8882442325396466,4.2549355829709254,31.879845501015065,3.4800366337841364,0.8836202028330958,0.1727033205918487,0.4172179694515459,34429.45545973385,0.0021538118562888005,0.0777208814166151,100.0,1982555.0,180000.0,0.8856185106213701,0.8191395366262785,0.8531906939012388,0.8762520586439613,0.8066883641921646,0.7915957919717119,0.9912014617057514,0.8158945505945253,0.8451931224677096
7,2026.5833333333333,7.381898899844905,1.250091344154876,0.1927232341181705,117.05200000000039,94.49336000000022,22.558640000000167,5.820074746242367,5.14316566333323,0.8882453702296094,4.254920293103619,31.85945480883395,3.4205264792439682,0.8836940911547273,0.17270401701467794,0.4173855024927794,34429.45545973385,0.0021538118562888005,0.0777208814166151,100.0,1982555.0,180000.0,0.8858065737140833,0.8194463999998016,0.8536129474946592,0.8761340248160068,0.807104719055709,0.7918189283095126,0.9908967815452702,0.8159156552877331,0.8459010193262018
8,2026.6666666666667,7.904589133104076,1.3308889229716805,0.1927587738782771,117.05200000000039,94.48920000000022,22.562800000000166,5.820066473969496,5.143841382033176,0.8883312562535735,4.25551012577961,31.84048711179825,3.362205572763286,0.8838114487247238,0.17269802668418363,0.4174042851265284,34429.45545973385,0.0021538118562888005,0.0777208814166151,100.0,1982555.0,180000.0,0.8859897802036055,0.8197836813453842,0.854057515296353,0.8759328059893037,0.8075207352303936,0.7920457250912109,0.990738851147211,0.8164080697098632,0.8460365487966774
9,2026.75,8.442350215476095,1.4133916119526913,0.19286539315859694,117.05200000000039,94.47672000000023,22.575280000000163,5.81981905030114,5.145115613659801,0.8884846344322324,4.256630979227564,31.822608950421145,3.30481607036699,0.884067970015936,0.17268506699312813,0.4175660945257297,34429.45545973385,0.0021538118562888005,0.0777208814166151,100.0,1982555.0,180000.0,0.8861648860463816,0.8200986263265787,0.8505744945350165,0.8760703737505443,0.807931163674068,0.7922709977562851,0.9909193075687952,0.8168934442326602,0.846365235654446
10,2026.8333333333333,8.995356360975089,1.497630784971319,0.19344291426032936,117.05200000000039,94.40912000000024,22.642880000000147,5.811701219347679,5.138602975053308,0.887180633643634,4.251422341409669,31.805913000773607,3.248462133200408,0.884182235305978,0.1726501615226326,0.41704920536950374,34429.45545973385,0.0021538118562888005,0.0777208814166151,100.0,1982555.0,180000.0,0.8863839625986764,0.8203977055482904,0.850975978507227,0.8761797413649212,0.8082228610762948,0.7924764029105921,0.9904034991503208,0.8173522203691852,0.8464116321179065
11,2026.9166666666667,9.563764590592982,1.5836381851440424,0.1935495335406493,117.05200000000039,94.39664000000023,22.655360000000158,5.811477466086675,5.138448947620029,0.8871663000084712,4.251282647611561,31.790556667054872,3.193177799439936,0.8841897740472786,0.17265254730600746,0.41719866288821505,34429.45545973385,0.0021538118562888005,0.0777208814166151,100.0,1982555.0,180000.0,0.8865876570264657,0.8207022046289648,0.8514011617969784,0.8759401955736194,0.8086285425889033,0.7927118462245596,0.9902546210552307,0.8178047389638441,0.8450491882999615
12,2027.0,10.147713316669837,1.6714459192484363,0.19520213238560694,117.05200000000039,94.20320000000025,22.84880000000014,5.802671018733329,5.131936580965247,0.8858606898236459,4.246075891141608,31.77652312223206,3.1391367716481655,0.884409363273795,0.17261723247114397,0.41689456032154026,34429.45545973385,0.0021538118562888005,0.0777208814166151,100.0,1982555.0,180000.0,0.8869927415812834,0.8209391875462625,0.8517481946756746,0.8757753913985822,0.8082656894870425,0.7928780407139927,0.9903723916516105,0.8182041472411685,0.8456055633388898
13,2027.0833333333333,10.747320913994287,1.7610864515419884,0.19520213238560694,117.05200000000039,94.20320000000025,22.84880000000014,5.802671018733329,5.132502139620577,0.8859001415631673,4.246601998057398,31.763636093654544,3.0860248348937356,0.88450682850205,0.17260589814944685,0.41689456032154026,34429.45545973385,0.0021538118562888005,0.0777208814166151,100.0,1982555.0,180000.0,0.8871892316584732,0.8212472983777319,0.852170095576928,0.8759005852946075,0.8086748916812001,0.7936492829038636,0.9898960152329895,0.8186805020029247,0.846196234115835
14,2027.1666666666667,11.362684285394518,1.8525925969579453,0.19582407818747266,117.05200000000039,94.13040000000026,22.921600000000126,5.799265153579563,5.130608760557895,0.8858397671245892,4.244768993433304,31.751958045415726,3.0339878963439713,0.8846998067317299,0.17265782843053196,0.4171177339420761,34429.45545973385,0.0021538118562888005,0.0777208814166151,100.0,1982555.0,180000.0,0.8873543058575225,0.8216244486914851,0.8525621880082855,0.8763205003395478,0.8090517954493824,0.7936782574513513,0.9897332377857097,0.8191228995279062,0.8465880898627247
15,2027.25,11.993877430304691,1.945997513653992,0.19635717458907193,117.05200000000039,94.06800000000027,22.984000000000123,5.79758441166814,5.129958114692916,0.885800129813566,4.244157984879359,31.741335011520267,2.9828361296019708,0.8848440575299656,0.1726720004353468,0.41754057176207815,34429.45545973385,0.0021538118562888005,0.0777208814166151,100.0,1982555.0,180000.0,0.8875137927386669,0.8218012346464583,0.8522625077970533,0.8764044682537961,0.8094307639265047,0.7939027035334039,0.9895800513600553,0.819570017638223,0.8469829098012593
16,2027.3333333333333,12.640950025496151,2.0413346948893687,0.19711239449133738,117.05200000000039,93.97960000000029,23.0724000000001,5.789347450375788,5.122695276056724,0.8844097291923924,4.238285546864334,31.731619823517203,2.9324215764249315,0.884848477305367,0.17264539105538612,0.4170483230561193,34429.45545973385,0.0021538118562888005,0.0777208814166151,100.0,1982555.0,180000.0,0.8876769389787401,0.8220238905900407,0.8526427630950744,0.876021111511234,0.8097573759152743,0.794117416838195,0.9888785191693127,0.8199986829348838,0.8473646455225897
17,2027.4166666666667,13.303926027835244,2.138637960205614,0.19760106619280335,117.05200000000039,93.9224000000003,23.129600000000096,5.786144416510897,5.1211863084611915,0.8840788295328129,4.237107478928373,31.72329314904405,2.8832879326074567,0.885077512729853,0.17263164748998558,0.417431072604751,34429.45545973385,0.0021538118562888005,0.0777208814166151,100.0,1982555.0,180000.0,0.887846705732221,0.8225474727561246,0.8530351176925889,0.8760964597084889,0.8101342654494622,0.7944302703838604,0.9887382968309499,0.8204367551867031,0.8477568376823299
18,2027.5,13.982802309557627,2.2379414458859563,0.1976188360728567,117.05200000000039,93.92032000000029,23.131680000000102,5.785857446877796,5.119533253886483,0.8826289359872004,4.236904317899278,31.71617229974315,2.835003716695791,0.8848357051467144,0.17240418065790558,0.4171313184081302,34429.45545973385,0.0021538118562888005,0.0777208814166151,100.0,1982555.0,180000.0,0.8880103659667399,0.8214881398154258,0.8534485881699785,0.8758368224232644,0.8105289141697939,0.7946800224396745,0.9881786273543128,0.8208941303270114,0.8481700190302451
19,2027.5833333333333,14.677547337119748,2.339279594668236,0.19836517103509563,117.05200000000039,93.8329600000003,23.219040000000092,5.781731719990297,5.117959266723856,0.8799002198006082,4.2380590469232535,31.709815531072167,2.7874578544486943,0.8851948714653342,0.17192403728602865,0.4177929432459597,34429.45545973385,0.0021538118562888005,0.0777208814166151,100.0,1982555.0,180000.0,0.888162574875073,0.8217609505497303,0.8530650069844702,0.8758889762171821,0.8108648565108837,0.7948960872917695,0.9886078710658188,0.8213119214052925,0.8485449157713906
20,2027.6666666666667,15.388099905186511,2.4426871446858565,0.1986050644158152,117.05200000000039,93.80488000000031,23.24712000000008,5.780555108569917,5.118371751931965,0.8774276664620853,4.2409440854698826,31.70486856713412,2.7412194804967847,0.8854464071008964,0.17142710787486157,0.4182579495074509,34429.45545973385,0.0021538118562888005,0.0777208814166151,100.0,1982555.0,180000.0,0.8883628760142754,0.8220305805079992,0.8530825190083094,0.8754793594933558,0.811246782483326,0.7951362324990577,0.988914163532455,0.8217512995878254,0.8489425490257843
21,2027.75,16.11436793772801,2.5481991176114076,0.1986050644158152,117.05200000000039,93.80488000000031,23.24712000000008,5.780555108569917,5.119254664688063,0.8749838207028794,4.244270843985194,31.700679525296678,2.6955843412300515,0.8855991455039589,0.17092015889312975,0.4182579495074509,34429.45545973385,0.0021538118562888005,0.0777208814166151,100.0,1982555.0,180000.0,0.8885184706512151,0.8222408206682075,0.8534922080094116,0.8755550562940604,0.8116378570385314,0.7953886277772244,0.9888130699429976,0.8221988158148468,0.8493507232731021
22,2027.8333333333333,16.856227368511185,2.6558508059774164,0.19927143491781424,117.05200000000039,93.72688000000032,23.32512000000007,5.777717980264697,5.118444230271556,0.8722805428166047,4.24616368745495,31.6973126886098,2.650714992398407,0.8858937469351978,0.17041907727698857,0.4186204278115849,34429.45545973385,0.0021538118562888005,0.0777208814166151,100.0,1982555.0,180000.0,0.8897494299942058,0.8227890445753793,0.8538666637298411,0.8755932463845079,0.811994322380707,0.7956089559468406,0.9886829975983601,0.8226101004396268,0.8497226627840814
23,2027.9166666666667,17.613521113472036,2.765677759648654,0.19927143491781424,117.05200000000039,93.72688000000032,23.32512000000007,5.777717980264697,5.119006614280449,0.8698514899202145,4.249155124360229,31.695058966894766,2.606784089555542,0.8859910836364376,0.16992583824634985,0.4186204278115849,34429.45545973385,0.0021538118562888005,0.0777208814166151,100.0,1982555.0,180000.0,0.8899204818390793,0.8230365523610327,0.8542697362733556,0.8752109037046003,0.8123806290196552,0.795860769691447,0.9885882478815468,0.823050166090621,0.849930881059058
24,2028.0,18.386058147526235,2.8777157714205566,0.1996890270990671,117.05200000000039,93.67800000000031,23.37400000000008,5.771771206571129,5.114560438926944,0.8666347523372144,4.247925686589725,31.693625570855485,2.5635816639144364,0.886133607150617,0.16944462044895456,0.4183460287880425,34429.45545973385,0.0021538118562888005,0.0777208814166151,100.0,1982555.0,180000.0,0.890077309519543,0.82474683896793,0.8546491847267246,0.8752499248638765,0.8127442881547158,0.796092964712933,0.9884753734670719,0.8202321335814369,0.8503126224875888
25,2028.0833333333333,19.173612698308705,2.9920008617184743,0.20162594402487785,117.05200000000039,93.45128000000031,23.60072000000008,5.765856265950621,5.108259458075725,0.8633201948349123,4.24493926324083,31.693305678352942,2.5212472607175243,0.8859498437797986,0.16900476608917667,0.41927014786349315,34429.45545973385,0.0021538118562888005,0.0777208814166151,100.0,1982555.0,180000.0,0.8903188954853808,0.8244483778662586,0.8549538410451311,0.8752945197085078,0.8130319958498837,0.7990784542216295,0.9882916496817079,0.8168708887217234,0.8506178335276725
26,2028.1666666666667,19.97592356911411,3.108569262372492,0.20304753442914258,117.05200000000039,93.28488000000031,23.767120000000077,5.758597398960024,5.102296292297127,0.8601494966901858,4.2421467956069545,31.693792952784012,2.4796189745730697,0.8860310834055837,0.16858085995294764,0.4196602015000849,34429.45545973385,0.0021538118562888005,0.0777208814166151,100.0,1982555.0,180000.0,0.8904607092553232,0.8246766499986573,0.8548132890763778,0.8752939685179062,0.8133424217376015,0.7992543170750247,0.9881358872820958,0.8164887575389606,0.8509455310311715
27,2028.25,20.792693602931305,3.227457399443096,0.2045935139937805,117.05200000000039,93.10392000000031,23.948080000000076,5.755078055630284,5.099582509654769,0.8575515692005519,4.242030940454226,31.695407822586745,2.4389798665200035,0.8861013630676593,0.16816113232347846,0.42009854779993916,34429.45545973385,0.0021538118562888005,0.0777208814166151,100.0,1982555.0,180000.0,0.8906028723253607,0.8248209324665338,0.8551338115278557,0.8746297211139946,0.8136379215056995,0.8010547453000167,0.9879767698221553,0.8166901626871397,0.851265909089555
28,2028.3333333333333,21.62358929891745,3.3487018750730466,0.2049489115948466,117.05200000000039,93.06232000000033,23.989680000000064,5.753883117850492,5.09885083114537,0.8550312616866885,4.243819569458688,31.69740973090515,2.3985657485928105,0.8861582216237603,0.16769097390806004,0.4204292248504746,34429.45545973385,0.0021538118562888005,0.0777208814166151,100.0,1982555.0,180000.0,0.8907551224009739,0.8246464561213404,0.855509632208218,0.874325103295249,0.8139956876253259,0.8020922398978921,0.9878585752612147,0.8171176832257621,0.8513463346465258
29,2028.4166666666667,22.468240591936755,3.47233944834148,0.2071434917814303,117.05200000000039,92.80544000000033,24.24656000000006,5.7447303698646355,5.091861410389912,0.8518900368994782,4.239971373490442,31.700674260844053,2.3593946931462026,0.8863534200143657,0.16730424656908413,0.4213132700885832,34429.45545973385,0.0021538118562888005,0.0777208814166151,100.0,1982555.0,180000.0,0.8908956716137815,0.8247223371903941,0.8540721094841586,0.8738360226732987,0.8153702947064653,0.8022288732930709,0.98767465865387,0.8172163988703761,0.8516307285529632
30,2028.5,23.326240804892393,3.5984070150966523,0.20827187916481535,117.05200000000039,92.67336000000034,24.378640000000047,5.732878945801667,5.0829447608527705,0.8479012423058013,4.235043518546971,31.70440804581734,2.3207437886839752,0.8866304013928535,0.16681299565481567,0.42085462174543753,34429.45545973385,0.0021538118562888005,0.0777208814166151,100.0,1982555.0,180000.0,0.8910309986029646,0.8254819180111987,0.854409267956087,0.8734713414962113,0.8156847788180264,0.8022414368116636,0.987544393825103,0.8175999394618104,0.8519012133198258
31,2028.5833333333333,24.197146782507893,3.7269415867444082,0.20972012438916,117.05200000000039,92.50384000000035,24.54816000000004,5.729558252877388,5.080499102855604,0.845171789360649,4.235327313494945,31.70876534440878,2.282598205844686,0.8867174184509203,0.16635605523197555,0.4215498092354676,34429.45545973385,0.0021538118562888005,0.0777208814166151,100.0,1982555.0,180000.0,0.8912475043611638,0.8258351099008484,0.8531448765121002,0.8729459270157426,0.8159815707688289,0.8023949058780674,0.9874008125829524,0.8179649226742532,0.8522197538649152
32,2028.6666666666667,25.08047921397114,3.8579802679702033,0.20996890270990626,117.05200000000039,92.47472000000036,24.57728000000003,5.728687568902985,5.079460671346428,0.8425576294139508,4.2369030419324885,31.714392792949212,2.2455201661697504,0.8866709189936011,0.16587541157014443,0.4217637006059186,34429.45545973385,0.0021538118562888005,0.0777208814166151,100.0,1982555.0,180000.0,0.8914092932785165,0.8259696802063677,0.853004117224646,0.8724476465011238,0.8151822426640335,0.8026238548171813,0.9873195232231654,0.8184995855635647,0.8525948072524927
33,2028.75,25.97572315044634,3.9915602333733347,0.21163038649489083,117.05200000000039,92.28024000000035,24.771760000000043,5.717296628544395,5.070355223354502,0.8385441687344188,4.231811054620077,31.72063573844989,2.20906406556512,0.886844876657274,0.16538173989704125,0.42171803610619507,34429.45545973385,0.0021538118562888005,0.0777208814166151,100.0,1982555.0,180000.0,0.8916239860786002,0.8262165728052445,0.8513718081796825,0.8721766156117717,0.8154675851191573,0.802863025073459,0.9871720612260193,0.8188475629813029,0.8528983331396863
34,2028.8333333333333,26.882328721898247,4.127718702992887,0.21412705464238063,117.05200000000039,91.98800000000037,25.06400000000002,5.699918309769677,5.056303710568514,0.83380755588679,4.222496154681721,31.727272235956946,2.173097807559638,0.8870835397591567,0.16490456341536483,0.4224443622570214,34429.45545973385,0.0021538118562888005,0.0777208814166151,100.0,1982555.0,180000.0,0.8917414915905219,0.8266397346662717,0.8516464960307908,0.872076209040967,0.8152309697904202,0.8029856836497368,0.9869865422997104,0.8193862448977851,0.8531576281328427
35,2028.9166666666667,27.79971205597364,4.266492916706155,0.21515770768547243,117.05200000000039,91.86736000000039,25.18464,5.6944107936869255,5.051698934869055,0.830813910191033,4.220885024678033,31.734494315468414,2.13761383915194,0.887132860254759,0.16446227712748057,0.4229678297658811,34429.45545973385,0.0021538118562888005,0.0777208814166151,100.0,1982555.0,180000.0,0.8918839970059189,0.8264179196596233,0.8519912495693296,0.8718113082033474,0.8155446656318858,0.803178042975797,0.9868752401790192,0.8197588147936081,0.8531301046487986
36,2029.0,28.727256399864725,4.407920107481276,0.21580630830741818,117.05200000000039,91.79144000000039,25.260559999999998,5.690385281938254,5.0488374563114755,0.8278872145373719,4.220950241774101,31.742476618539207,2.1028109615352575,0.8872575768000978,0.16397581061011235,0.42335978581708344,34429.45545973385,0.0021538118562888005,0.0777208814166151,100.0,1982555.0,180000.0,0.892040247744049,0.8267546501827785,0.8523527103842121,0.8717900759157081,0.8158921400711845,0.8032292003765192,0.9867850481325552,0.81983414198008,0.8529833299516872
37,2029.0833333333333,29.66431344416005,4.552037473467207,0.21649044868947068,117.05200000000039,91.71136000000038,25.340640000000008,5.687917552831186,5.046446130251987,0.8253219431371817,4.221124187114801,31.75123077677331,2.0686135282136404,0.8872220954996256,0.1635451804765367,0.42397181174027343,34429.45545973385,0.0021538118562888005,0.0777208814166151,100.0,1982555.0,180000.0,0.8921906318404293,0.8269224369396945,0.8527096759117639,0.8718753099356973,0.8162188272691762,0.8034385240518533,0.9861330892697007,0.8202187786584505,0.853332173256716
38,2029.1666666666667,30.610204845695183,4.698882148905663,0.21726343847178964,117.05200000000039,91.62088000000038,25.431120000000007,5.678189550771716,5.038062926419887,0.8211433213157199,4.216919605104171,31.760809015466336,2.0351819685929544,0.8872657175974638,0.16298790493655763,0.42373930287821193,34429.45545973385,0.0021538118562888005,0.0777208814166151,100.0,1982555.0,180000.0,0.8923343706577651,0.8270614755300866,0.8530609702779592,0.8718418973167293,0.8165755038758022,0.8036436943263926,0.9855565485217808,0.8198184100892612,0.8544773918045817
39,2029.25,31.56422394437574,4.848491173851112,0.21872945357618756,117.05200000000039,91.4492800000004,25.60271999999999,5.669304503950768,5.030346428331755,0.8179610694875039,4.212385358844248,31.771139655487,2.00243373117465,0.8872951567209447,0.1626053157851336,0.4246783529853454,34429.45545973385,0.0021538118562888005,0.0777208814166151,100.0,1982555.0,180000.0,0.8924666751022499,0.8275240184241813,0.852492539618358,0.8715252542782567,0.8168705585268806,0.8037863065302413,0.9854364325245604,0.8198281860120249,0.8527096011809377
40,2029.3333333333333,32.52563766688738,5.00090146268667,0.21944024877831986,117.05200000000039,91.36608000000041,25.68591999999998,5.665261244066399,5.026655452608072,0.8152035927596415,4.21145185984843,31.7819539408136,1.9700354405082556,0.8872769032271581,0.16217614285392776,0.4256039421206961,34429.45545973385,0.0021538118562888005,0.0777208814166151,100.0,1982555.0,180000.0,0.8926066064529454,0.8270909243869604,0.852845050926912,0.8707511062623267,0.8172120536378569,0.8038372211100341,0.9853554249916837,0.8202070020612644,0.8530567309630668
41,2029.4166666666667,33.49368860816646,5.156149771425622,0.21968902709906613,117.05200000000039,91.33696000000042,25.715039999999973,5.663060160237264,5.024829197869277,0.8127984112162367,4.212030786653041,31.793584363319226,1.9383232032322517,0.8872992791336959,0.16175642578276989,0.4257300788063083,34429.45545973385,0.0021538118562888005,0.0777208814166151,100.0,1982555.0,180000.0,0.8927628127240512,0.827337992638404,0.8532190929619675,0.8703193913068269,0.8175528989591945,0.8038719176115428,0.9852995821929458,0.8199822647496993,0.8529033028610381
42,2029.5,34.467597279509064,5.314272663790324,0.22139493558418397,117.05200000000039,91.1372800000004,25.91471999999999,5.65555315873968,5.017880485476814,0.8099220740300985,4.207958411446708,31.806123744707914,1.9074085462140957,0.8872483989868519,0.16140720696203215,0.4263257354135639,34429.45545973385,0.0021538118562888005,0.0777208814166151,100.0,1982555.0,180000.0,0.8932918707900656,0.8275042374763195,0.8535196255152462,0.8698583925983043,0.8178209529417546,0.8040339709272888,0.9846556209360416,0.8203093101599261,0.8531991401106768
43,2029.5833333333333,35.44656451028182,5.475306476062223,0.22235450910706267,117.05200000000039,91.0249600000004,26.027039999999985,5.6424514017898595,5.006908242299047,0.8055045112890725,4.20140373100997,31.819111568301086,1.8769658628960502,0.887363999397636,0.16087862455398325,0.425961982999009,34429.45545973385,0.0021538118562888005,0.0777208814166151,100.0,1982555.0,180000.0,0.8934285454905886,0.8276604920497639,0.8534534418756275,0.8690143085809896,0.8181241021461239,0.8042322114167559,0.9845702145931574,0.8203925278727898,0.8534025665477971
44,2029.6666666666667,36.42977398839723,5.639287280699346,0.2230564193691684,117.05200000000039,90.9428000000004,26.109199999999987,5.6408812153129615,5.00562541160325,0.803308221912454,4.202317189690803,31.832914271264812,1.8472104242407568,0.8873835878718347,0.16048108994539456,0.42617660898362353,34429.45545973385,0.0021538118562888005,0.0777208814166151,100.0,1982555.0,180000.0,0.8935673452488537,0.8277937623211398,0.8538005781897652,0.8686507485383047,0.8186872382354287,0.8044433486291549,0.9844998484973884,0.8200129409590556,0.8534890925401156
45,2029.75,37.416394923059414,5.8062508487198095,0.22573078631719126,117.05200000000039,90.62976000000043,26.42223999999996,5.621098486660832,4.988922520483994,0.7983320948026587,4.19059042568132,31.847167189380514,1.8180136964177211,0.887535155685846,0.16002094470795858,0.4260231681809513,34429.45545973385,0.0021538118562888005,0.0777208814166151,100.0,1982555.0,180000.0,0.8944506859694318,0.8279201260872942,0.8536631661354638,0.8681331285470494,0.819585350820557,0.8049314916583046,0.9837306231609221,0.8202885366478728,0.8535264709145255
46,2029.8333333333333,38.405584811804175,5.976232610852666,0.22647712127943018,117.05200000000039,90.54240000000044,26.50959999999995,5.616222064856776,4.984619343111186,0.7956966811728257,4.188922661938361,31.861861249085912,1.7891605042654029,0.8875395747440593,0.15963038025611517,0.42651953946632126,34429.45545973385,0.0021538118562888005,0.0777208814166151,100.0,1982555.0,180000.0,0.8945879915021236,0.8282831014639371,0.8543318167728935,0.8664959502726483,0.8198923030736698,0.8059741043340721,0.9836630107011766,0.8200357045616135,0.8538657776767179
47,2029.9166666666667,39.39649229257842,6.1492676174602146,0.22754331408262882,117.05200000000039,90.41760000000043,26.634399999999957,5.60871305549547,4.976097321796302,0.7923979341332806,4.1836993876630215,31.87752354532723,1.7610474602293806,0.8872083974630641,0.15924084335377026,0.4265717128255355,34429.45545973385,0.0021538118562888005,0.0777208814166151,100.0,1982555.0,180000.0,0.8947278230863415,0.8281253471520316,0.8542989160049149,0.8642660699909376,0.8201831418791427,0.8065160084053766,0.9829222441815051,0.8203887519415178,0.8539411295952607
48,2030.0,40.38826006054846,6.325390497238797,0.22828964904486773,117.05200000000039,90.33024000000044,26.721759999999946,5.6017381448785315,4.971043316268728,0.7894268865673584,4.181616429701384,31.893935114103126,1.7337035938599092,0.8874108692162941,0.15880507095639293,0.4267889755815949,34429.45545973385,0.0021538118562888005,0.0777208814166151,100.0,1982555.0,180000.0,0.8952503872887821,0.8291726100011055,0.853466454766697,0.8633618271303801,0.8201676949201435,0.8065689182770618,0.9828598839927141,0.8207563782643681,0.8540810532947454
49,2030.0833333333333,41.380027828518486,6.504635414708275,0.22961350510883907,117.05200000000039,90.17528000000047,26.87671999999992,5.59368366213929,4.962370934386416,0.7862991912294467,4.176071743156969,31.91074712913021,1.7065722782158559,0.8871382856299334,0.15845232080109917,0.4272975027770707,34429.45545973385,0.0021538118562888005,0.0777208814166151,100.0,1982555.0,180000.0,0.8953723229686857,0.8293478854166607,0.8524339145012229,0.8619728312046024,0.8204466288240493,0.807531531139727,0.9827707317460777,0.8177149552386496,0.8543880601506513
50,2030.1666666666667,42.370935309292754,6.687036026503722,0.232829853398488,117.05200000000039,89.79880000000048,27.253199999999907,5.57207384297767,4.945788308358229,0.7821971155664527,4.163591192791769,31.927802651947836,1.6799680556384204,0.8876027934538715,0.15815418428737918,0.4281223185716977,34429.45545973385,0.0021538118562888005,0.0777208814166151,100.0,1982555.0,180000.0,0.896526137095591,0.831703206809864,0.8526606730627956,0.8612440103489277,0.8206328082620423,0.8076232125919863,0.9825906058953383,0.8167225021489621,0.8542058791953664
51,2030.25,43.360125198037515,6.872625436486174,0.2337005775211001,117.05200000000039,89.69688000000049,27.3551199999999,5.567344337843165,4.937622449960671,0.778817461990634,4.158804987970026,31.945762646036005,1.6538492233580562,0.8868900772668115,0.15773127044106774,0.42863522537322807,34429.45545973385,0.0021538118562888005,0.0777208814166151,100.0,1982555.0,180000.0,0.8966639866409497,0.8313557188011259,0.853001454526744,0.859945737450368,0.817089328272577,0.8078258630346996,0.9819408250202435,0.8170968029232387,0.8545346618566836
52,2030.3333333333333,44.34674613269968,7.061436149693179,0.23420701910261943,117.05200000000039,89.63760000000049,27.4143999999999,5.564011963953221,4.934100791368643,0.7763158722379485,4.157784919130688,31.964426092316593,1.6282877722367513,0.8867883144994125,0.15733684921799307,0.4293480624087861,34429.45545973385,0.0021538118562888005,0.0777208814166151,100.0,1982555.0,180000.0,0.896800290280043,0.830717532167051,0.8482748226474762,0.8593497190030058,0.8174180468268906,0.8080480003806143,0.981782812579705,0.8174846228862093,0.854570798438071
53,2030.4166666666667,45.32995561081511,7.253500025153345,0.23572634384717742,117.05200000000039,89.45976000000049,27.592239999999904,5.554390938123064,4.925610838981616,0.7733538188738908,4.152257020107731,31.9837652292266,1.6033687515255175,0.8867958510399836,0.15700668285718325,0.4299137032308026,34429.45545973385,0.0021538118562888005,0.0777208814166151,100.0,1982555.0,180000.0,0.897096904218828,0.8306263799405419,0.846835553381503,0.8576551541949958,0.8181516440545559,0.8084689712097989,0.9816946704457438,0.8177505706949283,0.8548654002222069
54,2030.5,46.30892284158785,7.448848227593349,0.2360106619280303,117.05200000000039,89.4264800000005,27.625519999999895,5.552826377648156,4.92262753074663,0.770908648321257,4.1517188824253655,32.00355849658861,1.5786613222804444,0.8865084546064197,0.15660511454628193,0.4304757663182832,34429.45545973385,0.0021538118562888005,0.0777208814166151,100.0,1982555.0,180000.0,0.897230523451965,0.8308343229592597,0.8463242105801924,0.8569097044935534,0.8168778458927254,0.8086100860455817,0.9812533901320111,0.8181474130313335,0.8547187469774624
55,2030.5833333333333,47.28283151293045,7.647511178069768,0.23747667703242833,117.05200000000039,89.2548800000005,27.797119999999893,5.545646512210968,4.914185595817693,0.7674731213013394,4.146712474516355,32.02391747621049,1.554291175087197,0.8861339403795643,0.15617503782407227,0.43043915189839865,34429.45545973385,0.0021538118562888005,0.0777208814166151,100.0,1982555.0,180000.0,0.8974959317513798,0.830741741179512,0.8466532697271656,0.8565342694882537,0.8172127684398046,0.8087903011761494,0.9800867082627975,0.8177692950122684,0.8544152255209008
56,2030.6666666666667,48.25088245420956,7.849518503562444,0.23887161261661302,117.05200000000039,89.09160000000051,27.96039999999988,5.539045147407648,4.9073233877974864,0.7647483967608811,4.142574991036614,32.04504557383276,1.5305468320315145,0.8859511445026195,0.15583819046091374,0.4309552049196219,34429.45545973385,0.0021538118562888005,0.0777208814166151,100.0,1982555.0,180000.0,0.8976223275929057,0.8310165376491108,0.8469847938188929,0.8539067335946217,0.8178019848397217,0.8077006485064847,0.9800145061211899,0.8175024596552077,0.8546225200358362
57,2030.75,49.212296176721175,8.054898985570475,0.242212350066635,117.05200000000039,88.70056000000054,28.351439999999855,5.525817936622261,4.895550831327958,0.7615475246295629,4.134003306698392,32.06649264132217,1.507124226652383,0.8859413913880119,0.15555910884556925,0.4321282081570593,34429.45545973385,0.0021538118562888005,0.0777208814166151,100.0,1982555.0,180000.0,0.8979686057400958,0.8310413527798376,0.8461228762885779,0.8534934904066821,0.8179938771915202,0.8079042379325055,0.9795102197835305,0.8179973975485155,0.8540641384527945
58,2030.8333333333333,50.16631527540173,8.263680507756499,0.24327854286983375,117.05200000000039,88.57576000000051,28.476239999999876,5.515746006122136,4.885120519908269,0.7578660048293143,4.127254515078957,32.08852270353798,1.4841377861503178,0.8856681425297844,0.15513762695122724,0.4323997607803929,34429.45545973385,0.0021538118562888005,0.0777208814166151,100.0,1982555.0,180000.0,0.8980907985650176,0.8311218378944026,0.8451909863839093,0.8516664603962668,0.8167589132662476,0.8081128128624083,0.9794596936880979,0.8175852138727805,0.8537852584022326
59,2030.9166666666667,51.11220667693688,8.475890002689566,0.2459884495779637,117.05200000000039,88.25856000000049,28.793439999999904,5.500192018610874,4.869888715561007,0.7538110239228553,4.116077691638157,32.110930548570025,1.461441044858917,0.8854034002963672,0.15479019500264224,0.43342887186105905,34429.45545973385,0.0021538118562888005,0.0777208814166151,100.0,1982555.0,180000.0,0.8981936452010802,0.8310602039342373,0.8449538679555425,0.8507665049185746,0.8172730775060587,0.8082448481999494,0.9783079449631032,0.8178650930966725,0.8537366644123374
